{
    "business": {
        "a": 0.08323649515223464,
        "b": 0.01758773790192028,
        "c": 0.03374235438507546,
        "d": 0.037863519655850074,
        "e": 0.11976979702884565,
        "f": 0.022658879454660906,
        "g": 0.021309837838923176,
        "h": 0.04240759378662805,
        "i": 0.07470051276130622,
        "j": 0.0019514043836950437,
        "k": 0.008402960613004511,
        "l": 0.03977351159924805,
        "m": 0.026716043681340056,
        "n": 0.07275412806734416,
        "o": 0.07381579244586892,
        "p": 0.02149054666931037,
        "q": 0.0009951534895628101,
        "r": 0.06712705587667626,
        "s": 0.06976615775378923,
        "t": 0.08856991549352335,
        "u": 0.029307458505989745,
        "v": 0.010710762967740964,
        "w": 0.016052967766062378,
        "x": 0.0028662428375302125,
        "y": 0.015584881698462219,
        "z": 0.0008382881854072599
    },
    "entertainment": {
        "a": 0.08494219732354431,
        "b": 0.019403961263988384,
        "c": 0.03216301176599504,
        "d": 0.0417939375676305,
        "e": 0.11875231142219239,
        "f": 0.021915706713054914,
        "g": 0.019958702590162587,
        "h": 0.049163093949895216,
        "i": 0.07445861355760407,
        "j": 0.0025220184365882725,
        "k": 0.008435834919939184,
        "l": 0.04251475885873957,
        "m": 0.027199446628405496,
        "n": 0.06890606380210117,
        "o": 0.07360766775788623,
        "p": 0.018888599723314203,
        "q": 0.0006163792513046694,
        "r": 0.06622652622351281,
        "s": 0.06632240744038242,
        "t": 0.0844080019724136,
        "u": 0.025867382579752626,
        "v": 0.010774651745723013,
        "w": 0.021325009930554605,
        "x": 0.0017857876641965839,
        "y": 0.016845987371074008,
        "z": 0.0012019395400441053
    },
    "politics": {
        "a": 0.08037405196786788,
        "b": 0.018888839025265898,
        "c": 0.032352017232868104,
        "d": 0.03944711214827447,
        "e": 0.12343378360184894,
        "f": 0.019062738410447425,
        "g": 0.02000628281649688,
        "h": 0.047945743391823364,
        "i": 0.07452205717363013,
        "j": 0.0016077278642911636,
        "k": 0.007170264327065476,
        "l": 0.043571332405869946,
        "m": 0.02707445137548804,
        "n": 0.07003208724139479,
        "o": 0.07524570300228874,
        "p": 0.02249921464793789,
        "q": 0.0009356908854283534,
        "r": 0.06447516043620698,
        "s": 0.0645660368891083,
        "t": 0.0902313422788673,
        "u": 0.02749629762599291,
        "v": 0.010724543373872459,
        "w": 0.019420634564466185,
        "x": 0.0020318179778306333,
        "y": 0.01657878203114482,
        "z": 0.00030628730422295025
    },
    "sport": {
        "a": 0.08933238142407031,
        "b": 0.01784829868172861,
        "c": 0.028361012466147507,
        "d": 0.04119334647038368,
        "e": 0.11995900818782469,
        "f": 0.021936942158340095,
        "g": 0.02194484546402942,
        "h": 0.05174952843609387,
        "i": 0.0732214927763786,
        "j": 0.002943981369274055,
        "k": 0.00948791848003625,
        "l": 0.045404491185179724,
        "m": 0.02501396250671781,
        "n": 0.07344278533567973,
        "o": 0.0704540185674995,
        "p": 0.019598880891914392,
        "q": 0.0008891218900492113,
        "r": 0.060366766072689336,
        "s": 0.06154699305562873,
        "t": 0.08641737884232378,
        "u": 0.02670526992423364,
        "v": 0.010574623012318618,
        "w": 0.021452206076061416,
        "x": 0.0015727578321759381,
        "y": 0.017609882293433934,
        "z": 0.0009721065997871376
    },
    "tech": {
        "a": 0.0812510380815622,
        "b": 0.017192733113698053,
        "c": 0.03299049485216667,
        "d": 0.037561207391350965,
        "e": 0.12243790958230752,
        "f": 0.020614460187075436,
        "g": 0.022405742194152263,
        "h": 0.04522146090400873,
        "i": 0.07268252890334435,
        "j": 0.0014328153612944326,
        "k": 0.0073890382791919045,
        "l": 0.04256922821395308,
        "m": 0.027928861715972475,
        "n": 0.06791208421548366,
        "o": 0.07788607698728232,
        "p": 0.024739454668160802,
        "q": 0.0007158820697296468,
        "r": 0.06041792375277785,
        "s": 0.07013857206230802,
        "t": 0.08986790346419643,
        "u": 0.02708788424786129,
        "v": 0.011816784648797297,
        "w": 0.018506760407621777,
        "x": 0.002172875533232276,
        "y": 0.01656410245628494,
        "z": 0.0004961767061855996
    }
}